/*
SQLyog Ultimate v12.09 (32 bit)
MySQL - 10.1.38-MariaDB-0+deb9u1 : Database - riki
*********************************************************************
*/


/*!40101 SET NAMES utf8 */;

/*!40101 SET SQL_MODE=''*/;

/*!40014 SET @OLD_UNIQUE_CHECKS=@@UNIQUE_CHECKS, UNIQUE_CHECKS=0 */;
/*!40014 SET @OLD_FOREIGN_KEY_CHECKS=@@FOREIGN_KEY_CHECKS, FOREIGN_KEY_CHECKS=0 */;
/*!40101 SET @OLD_SQL_MODE=@@SQL_MODE, SQL_MODE='NO_AUTO_VALUE_ON_ZERO' */;
/*!40111 SET @OLD_SQL_NOTES=@@SQL_NOTES, SQL_NOTES=0 */;
/*Table structure for table `meniny` */

DROP TABLE IF EXISTS `meniny`;

CREATE TABLE `meniny` (
  `id` int(11) NOT NULL AUTO_INCREMENT,
  `monthday` int(11) DEFAULT NULL,
  `sk_sviatky` varchar(70) CHARACTER SET utf8 DEFAULT NULL,
  `cz_sviatky` varchar(70) CHARACTER SET utf8 DEFAULT NULL,
  `sk_dni` varchar(70) CHARACTER SET utf8 DEFAULT NULL,
  `hu` varchar(100) CHARACTER SET utf8 DEFAULT NULL,
  `pl` varchar(100) CHARACTER SET utf8 DEFAULT NULL,
  `at` varchar(100) CHARACTER SET utf8 DEFAULT NULL,
  `sk` varchar(100) CHARACTER SET utf8 DEFAULT NULL,
  `cz` varchar(100) CHARACTER SET utf8 DEFAULT NULL,
  `sk_d` varchar(200) CHARACTER SET utf8 DEFAULT NULL,
  PRIMARY KEY (`id`)
) ENGINE=MyISAM AUTO_INCREMENT=367 DEFAULT CHARSET=utf8mb4;

/*Data for the table `meniny` */

insert  into `meniny`(`id`,`monthday`,`sk_sviatky`,`cz_sviatky`,`sk_dni`,`hu`,`pl`,`at`,`sk`,`cz`,`sk_d`) values (1,101,'Deň vzniku Slovenskej republiky','Den obnovy samostatného českého státu',NULL,'Fruzsina','Mieszka, Mieczyslawa','Neujahr',NULL,NULL,'Bozena'),(2,102,NULL,NULL,NULL,'Ábel','Izydora, Grzegorza','Basilius','Alexandra, Karina','Karina','Nikto, Elemenene, xxx'),(3,103,NULL,NULL,NULL,'Genovéva, Benjámin','Danuty, Zdzislawa','Genoveva','Daniela','Radmila','Daniela, Danila, Danuta, Genovéva, Radmila, test, test2, Bozena'),(4,104,NULL,NULL,NULL,'Titusz, Leóna','Elzbiety, Anieli','Angela','Drahoslav','Diana','Drahoslav, Drahoľub, Drahomil, Drahoň, Drahoš, Duchoslav, León, Títus, Drahoľuba, Drahomila, Duchoslava, Leóna, Leónia'),(5,105,NULL,NULL,NULL,'Simon','Hanny, Edwarda, Szymona','Emilie','Andrea','Dalimil','Andrea, Artúr'),(6,106,'Zjavenie Pána (Traja králi a vianočný sviatok pravoslávnych kresťanov)',NULL,NULL,'Boldizsár','Kacpra, Mekchiora, Baltazara','Heilige 3 Könige','Antónia',NULL,'Antónia, Melchior, Melichar, Menhard'),(7,107,NULL,NULL,NULL,'Attila, Ramóna','Lucjana, Juliana','Raimund v. P.','Bohuslava','Vilma','Bohuslava, Attila, Lucián, Bohuna, Boleslava, Božislava, Luciána'),(8,108,NULL,NULL,NULL,'Gyöngyvér','Seweryna, Juliusza','Severin, Erhard','Severín','Čestmir','Severín, Čestmír, Pravomil, Čestmíra, Pravomila, Severína'),(9,109,NULL,NULL,NULL,'Marcell','Adriana, Marceliny','Julian, Eberhard','Alexej','Vladan','Alexej, Alex, Domoľub, Julián, Pravoľub, Vladan, Vladen, Alexia, Pravoľuba, Vladana, Vladena'),(10,110,NULL,NULL,NULL,'Melánia','Danuty, Wilhelma','Gregor X.','Dáša','Břetislav','Dáša, Agatón, Dalimil, Dalimír, Dalimila, Dalimíra'),(11,111,NULL,NULL,NULL,'Ágota','Honoraty, Matyldy','Taufe Jesu','Malvína','Bohdana','Malvína, Honorát, Tasilo, Honoráta'),(12,112,NULL,NULL,NULL,'Ernő','Ady, Benedykta, Arkadiusza','Ernst','Ernest','Pravoslav','Ernest, Arkád, Arnošt, Arkádia, Arnoštka, Erna, Ernestína'),(13,113,NULL,NULL,NULL,'Veronika','Bogumily, Weroniki','Jutta, Gottfried','Rastislav','Edita','Rastislav, Čistomil, Čistoslav, Rastic, Rastimír, Ratislav, Vidor, Čistomila, Čistoslava, Rastislava, Ratislava'),(14,114,NULL,NULL,NULL,'Bódog','Feliksa, Niny','Felix v. N.','Radovan','Radovan','Radovan, Hilár, Uriáš, Uriel, Hilária, Radovana,'),(15,115,NULL,NULL,NULL,'Lóránd, Lóránt','Pawla, Arnolda, Izydora','Gabriel v. F.','Dobroslav','Alice','Dobroslav, Dobrotín, Domoslav, Loránt, Múdroslav, Domoslava,, RikiDJ'),(16,116,NULL,NULL,NULL,'Gusztáv','Marcelego, Wlodzimierza','Theobald','Kristína','Ctirad','Kristína'),(17,117,NULL,NULL,NULL,'Antal, Antónia','Antoniego, Jana','Antonius','Nataša','Drahoslav','Nataša,Aneta, Sofia, Marta, Anna'),(18,118,NULL,NULL,NULL,'Piroska','Malgorzaty, Piotra','Regina','Bohdana','Vladislav','Bohdana, Priskus, Piroška, Priska'),(19,119,NULL,NULL,NULL,'Sára, Márió','Henryka, Marty','Marius, Mario','Drahomíra, Mário','Doubravka','Drahomíra, Mário, Sára, Márius, Dúbravka'),(20,120,NULL,NULL,NULL,'Fábián, Sebestyén','Fabiana, Sebastiana','Fabian, Sebastian','Dalibor','Ilona','Dalibor, Fabián, Fábius, Sebastián, Šebastián, Fábia, Fabiána, Fabiola, Sebastiána,'),(21,121,NULL,NULL,NULL,'Ágnes','Agnieszki, Jaroslawa','Agnes','Vincent','Běla','Vincent, Vincencia'),(22,122,NULL,NULL,NULL,'Vince, Artúr','Anastazego, Wincentego','Vinzenz, Walter','Zora','Slavomir','Zora, Dorián, Sírius, Slavoľub, Slavomil, Zoran, Auróra, Cyntia, Doriána, Sinda, Slavomila, Zorana, Zara'),(23,123,NULL,NULL,NULL,'Zelma, Rajmund','Ildefonsas, Rajmunda','Heinrich S.','Miloš','Zdeněk','Miloš, Miloň, Selma,'),(24,124,NULL,NULL,NULL,'Timót','Rafala, Felicji, Franciszska','Franz v. S.','Timotej','Milena','Timotej, Ctiboh, Timotea'),(25,125,NULL,NULL,NULL,'Pál','Pawla, Milosza','Pauli Bekehrung','Gejza','Miloš','Gejza, Saul, Šavol,'),(26,126,NULL,NULL,NULL,'Vanda, Paula','Tymoteusza, Michala','Timotheus, Titus','Tamara','Zora','Tamara, Tamia, Polykarp, Slavibor, Slavislav, Slaviboj, Slavoboj, Svätoboj, Svätobor, Xenofón, Žarko, Polykarpa,'),(27,127,NULL,NULL,NULL,'Angelika','Anieli, Jerzego','Angela M.','Bohuš','Ingrid','Bohuš, Pribislav, Pribiš,'),(28,128,NULL,NULL,NULL,'Károly, Karola','Walerego, Karola','Thomas v. A.','Alfonz','Otýlie','Alfonz, Manfréd, Alfonzia,'),(29,129,NULL,NULL,NULL,'Adél','Franciszka, Jozefa','Valerius','Gašpar','Zdislava','Gašpar, Pribina'),(30,130,NULL,NULL,NULL,'Martina','Macieja, Martyny','Martina','Ema','Robin','Ema, Jasna'),(31,131,NULL,NULL,NULL,'Marcella, Gerda','Jana, Marceli, Ludwiki','Johannes Bosco','Emil','Marika','Emil, Emilián, Emiliána, Marika'),(32,201,NULL,NULL,NULL,'Ignác','Brygidy, Ignacego','Brigitta v. K.','Tatiana','Hynek','Tatiana, Hynek, Trifon, Táňa, Girron'),(33,202,NULL,NULL,NULL,'Karolina, Aida','Marii, Miroslawa','Mariä Lichtmess','Erika, Erik','Nela','Erik, Erika, Aida'),(34,203,NULL,NULL,NULL,'Balázs','Blazeja, Oskara','Blasius','Blažej','Blažej','Blažej, Celerín, Celerína'),(35,204,NULL,NULL,NULL,'Ráhel, Csenge','Andrzeja, Jozefa, Tytusa','Andreas C.','Veronika','Jarmila','Veronika, Nika, Verena, Verona'),(36,205,NULL,NULL,NULL,'Ágota, Ingrid','Agaty, Adelajdy','Agatha','Agáta','Dobromila','Agáta, Moderát, Modest, Leda, Moderáta, Modesta'),(37,206,NULL,NULL,NULL,'Dorottya, Dóra','Doroty, Bogdana, Pawla','Dorothea','Dorota','Vanda','Dorota, Dorisa, Titanila'),(38,207,NULL,NULL,NULL,'Tódor, Rómeó','Ryszarda, Teodora','Richard K.','Vanda','Veronika','Vanda, Romuald'),(39,208,NULL,NULL,NULL,'Aranka','Hieronima, Sebastiana','Hieronymus','Zoja','Milada','Zoja, Aranka, Zoe'),(40,209,NULL,NULL,NULL,'Abigél, Alex','Apoliny, Eryki, Cyryla','Apollonia, Erich','Zdenko','Apolena','Zdenko, Rainold, Rinaldo, Zdeno, Apolena, Apoliena, Apolónia'),(41,210,NULL,NULL,NULL,'Elvira','Elwiry, Jacka','Wilhelm d. Gr.','Gabriela','Mojmir','Gabriela, Scholastika, Školastika'),(42,211,NULL,NULL,NULL,'Bertold, Marietta','Grzegorza, Lucjana','Theodor','Dezider','Božena','Dezider, Želislav, Dezidera, Želislava'),(43,212,NULL,NULL,NULL,'Livia, Lidia','Radoslawa, Damiana','Reginald','Perla','Slavěna','Perla, Ron, Ronald, Zoro, Zoroslav, Eulália, Slavena, Solveiga, Zoroslava'),(44,213,NULL,NULL,NULL,'Ella, Linda','Grzegorza, Katarzyny','Gerlinde','Arpád','Věnceslav','Arpád, Jordán, Jordána'),(45,214,NULL,NULL,NULL,'Bálint, Valentin','Cyryla, Metodego','Valentin','Valentín','Valentýn','Valentín, Velimír'),(46,215,NULL,NULL,NULL,'Kolos, Georgina','Jowity, Faustyna','Siegfried','Pravoslav','Jiřina','Pravoslav, Faust, Faustína, Georgia, Georgína, Pravoslava'),(47,216,NULL,NULL,NULL,'Julianna, Lilla','Danuty, Juliana','Philippa','Ida, Liana','Ljuba','Ida, Liana, Pamfil, Pamfília'),(48,217,NULL,NULL,NULL,'Donát','Aleksego, Lukasza','Alexius','Miloslava','Miloslava','Miloslava, Flavián, Flávius, Silván, Silvín, Flávia, Milomíra, Miluša, Silvána'),(49,218,NULL,NULL,NULL,'Bernadett','Szymona, Konstancji','Konstantia','Jaromír','Gizela','Jaromír, Simeon, Jaromíra, Konkordia, Bernadetta'),(50,219,NULL,NULL,NULL,'Zsuzsanna','Arnolda, Jozefa, Konrada','Bonifatius','Vlasta','Patrik','Vlasta, Konrád, Kurt'),(51,220,NULL,NULL,NULL,'Aladár, Álmos','Leona, Ludomira','Leo d. W.','Lívia','Oldřich','Lívia, Aladár, Lívio, Lívius, Udo, Ulrich, Alma, Ulrika, Ulriška'),(52,221,NULL,NULL,NULL,'Eleonóra','Roberta, Eleonory','Petrus Dam.','Eleonóra','Lenka','Eleonóra'),(53,222,NULL,NULL,NULL,'Gerzson','Marty, Malgorzaty','Petri Stuhlfeier','Etela','Petr','Etela'),(54,223,NULL,NULL,NULL,'Alfréd','Romany, Damiana','Romana','Roman, Romana','Svatopluk','Roman, Romana, Romina'),(55,224,NULL,NULL,NULL,'Elemér','Macieja, Marka','Mathias','Matej','Matěj','Matej, Jazmína, Goran, Mateja, Matias, Mateo,Matiáš'),(56,225,NULL,NULL,NULL,'Mátyás','Cezarego, Donata','Walpurga','Frederik, Frederika','Liliana','Frederik, Frederika, Taras, Federika'),(57,226,NULL,NULL,NULL,'Géza','Miroslawa, Aleksandra','Alexander','Viktor','Dorota','Viktor, Porfýr, Edina'),(58,227,NULL,NULL,NULL,'Edina','Gabriela, Anastazji','Leander, Gabriel','Alexander','Alexandr','Alexander, Leander, Sandro, Skender, Drahotína, Dražica, Leandra'),(59,228,NULL,NULL,NULL,'Ákos, Bátor','Romana, Ludomira','Roman','Zlatica','Lumir','Zlatica, Elemír, Elo, Lumír, Zlata'),(60,229,NULL,NULL,NULL,NULL,NULL,NULL,'Radomír',NULL,'Radomír, Radomíra'),(61,301,NULL,NULL,NULL,'Albin','Albina, Antoniego','Albin, Rüdiger','Albín','Bedřich','Albín'),(62,302,NULL,NULL,NULL,'Lujza','Heleny, Halszki','Karl, Agnes','Anežka','Anežka','Anežka'),(63,303,NULL,NULL,NULL,'Kornélia','Maryny, Kunegundy','Friedrich','Bohumil, Bohumila','Kamil','Bohumil, Bohumila, Ticián, Ginda, Kunigunda, Ticiána'),(64,304,NULL,NULL,NULL,'Kázmér','Arkadiusza, Eugeniusza, Kazimi','Kasimir','Kazimír','Stela','Kazimír, Kevin, Gerazim, Romeo, Jadrana, Kazimíra'),(65,305,NULL,NULL,NULL,'Adorján, Adrián','Adryjana, Fryderyka','Gerda, Diemar','Fridrich','Kazimír','Fridrich, Lucius, Teofil, Friderika, Teofila'),(66,306,NULL,NULL,NULL,'Leonóra, Inez','Rozy, Wiktora','Coletta, Fridolin','Radoslav, Radoslava','Miroslav','Radoslav, Radoslava, Fridolín, Koriolán, Radislav, Radovan, Felícia, Fridolína, Radislava'),(67,307,NULL,NULL,NULL,'Tamás','Tomasza, Felicyty','Reinhard','Tomáš','Tomáš','Tomáš, Tomislav, Tomáška, Tomislava'),(68,308,NULL,NULL,NULL,'Zoltán','Beaty, Wincentego','Johannes v. G.','Alan, Alana','Gabriela','Alan, Alana'),(69,309,NULL,NULL,NULL,'Franciska, Fanni','Franciszki, Dominiki','Franziska v. R.','Františka','Františka','Františka, Erhard'),(70,310,NULL,NULL,NULL,'Ildikó','Cypriana, Aleksandra','Emil, Gustav','Bruno, Branislav','Viktorie','Branislav, Bruno, Bratislav, Bronislav, Bratislava, Taras'),(71,311,NULL,NULL,NULL,'Szilárd','Benedykta, Konstantego','Theresia R.','Angela, Angelika','Anděla','Angela, Angelika, Angel, Volfram, Algelína, Jurina'),(72,312,NULL,NULL,NULL,'Gergely','Alojzego, Bernarda','Maximilian','Gregor','Řehoř','Gregor, Teofan, Gregora, Gregoria, Gregorína'),(73,313,NULL,NULL,NULL,'Krisztián, Ajtony','Bozeny, Krystyny','Gerald, Paulina','Vlastimil','Růžena','Vlastimil, Kira, Rozína'),(74,314,NULL,NULL,NULL,'Matild','Leona, Martyny','Mathilde','Matilda','Matylda, Růt','Matilda, Metaneta'),(75,315,NULL,NULL,NULL,'Kristóf','Longina, Klemensa','Klemens M. H.','Svetlana','Ida','Svetlana, Agap, Belomír, Rodan, Roderich, Roderik, Torkvát, Agapa, Agapia, Rodana, Roderika'),(76,316,NULL,NULL,NULL,'Henrietta','Izabeli, Oktawii','Hilarius v. A.','Boleslav','Elena, Herbert','Boleslav, Amos, Bolemír, Heribert, Bolemíra'),(77,317,NULL,NULL,NULL,'Gertrúd, Patrik','Patryka, Zbigniewa','Getrud','Ľubica','Vlastimil','Ľubica, Ľuban, Ľuben, Zbignev, Zbyšek, Ľuba'),(78,318,NULL,NULL,NULL,'Sándor, Ede','Cyryla, Edwarda','Eduard','Eduard','Eduard','Eduard, Ctislav, Salvátor, Ctislava, Eduarda'),(79,319,NULL,NULL,NULL,'József, Bánk','Jozefa, Bogdana','Josev, Nährv. Jesu','Jozef','Josef','Jozef, Sibyla'),(80,320,NULL,NULL,NULL,'Klaudia','Klaudii, Eufemii','Claudia, Irmgard','Víťazoslav, Klaudius','Světlana','Víťazoslav, Klaudián, Klaudín, Klaudio, Klaudius, Víťazoslava'),(81,321,NULL,NULL,NULL,'Benedek','Ludomira, Benedykta','Alexandra','Blahoslav','Radek','Blahoslav, Blahoboj, Blahosej, Radek, Radko'),(82,322,NULL,NULL,NULL,'Beáta, Izolda','Katarzyny, Boguslawa','Lea, Elmar','Beňadik','Leona','Beňadik, Benedikt, Oktavián, Oktávius, Benedikta, Benilda, Benita, Izolda, Oktávia'),(83,323,NULL,NULL,NULL,'Emőke','Pelagii, Feliksa','Otto v. A.','Adrián','Ivona','Adrián, Apián, Dárius, Viktorián, Apia'),(84,324,NULL,NULL,NULL,'Gábor, Karina','Marka, Gabriela','Katharina v. Schw.','Gabriel','Gabriel','Gabriel'),(85,325,NULL,NULL,'Deň zápasu za ľudské práva','Irén, Irisz','Marioli, Wienczyslawa','Verkündung des Herrn','Marián','Marián','Marián, Humbert, Anunciáta, Irida, Irisa'),(86,326,NULL,NULL,NULL,'Emánuel','Emanuela, Larysy, Teodora','Emmanuel','Emanuel','Emanuel','Emanuel, Eman, Manuel, Emanuela, Manuela'),(87,327,NULL,NULL,NULL,'Hajnalka','Lidii, Ernesta','Frowin, Haimo','Alena','Dita','Alena, Rupert, Ruprecht, Dita'),(88,328,NULL,NULL,NULL,'Gedeon, Johanna','Anieli, Jana','Johanna v. M.','Soňa','Soňa','Soňa, Ilarion'),(89,329,NULL,NULL,NULL,'Auguszta','Viktoryna, Helmuta','Berthold v. K.','Miroslav','Taťána','Miroslav, Mieroslav, Bertold, Bertolda, Mieroslava'),(90,330,NULL,NULL,NULL,'Zalán','Anieli, Leonarda','Amadeus v. S.','Vieroslava','Arnošt','Vieroslava, Vieroľub, Vieromil, Vieroslav,'),(91,331,NULL,NULL,NULL,'Árpád','Beniamina, Balbiny','Cornelia','Benjamín','Kvido','Benjamín, Kvído, Balbína'),(92,401,NULL,NULL,NULL,'Hugó','Grazyny, Ireny','Hugo, Irene','Hugo','Hugo','Hugo, Hugolín'),(93,402,NULL,NULL,NULL,'Áron','Wladyslawa, Franciszka','Sandra','Zita','Erika','Zita, Áron'),(94,403,NULL,NULL,NULL,'Buda, Richard','Ryszarda, Ireny','Richard','Richard','Richard','Richard, Richarda'),(95,404,NULL,NULL,NULL,'Izidor','Benedykta, Izydora','Isidor','Izidor','Ivana','Izidor, Izidora'),(96,405,NULL,NULL,NULL,'Vince','Katarzyny, Wincentego','Vinzenz Ferr.','Miroslava','Miroslava','Miroslava, Mira'),(97,406,NULL,NULL,NULL,'Vilmos, Biborka','Izoldy, Ireneusza','Sixtus I. Cölestin','Irena','Vendula','Irena, Irína, Celestín, Ruben, Sixtus, Celestína, Venuša'),(98,407,NULL,NULL,NULL,'Herman','Rufina, Donata','Johann Bapt. de la Salle','Zoltán','Heřman, Hermína','Zoltán, Armand, Herman, Rufínus, Rúfus, Armanda, Rufína, Rumjana'),(99,408,NULL,NULL,NULL,'Dénes','Dionizego, Julii','Walter, Beate','Albert','Ema','Albert, Albertín, Albrecht, Valter, Alberta, Albertína, Albrechta'),(100,409,NULL,NULL,NULL,'Erhard','Marii, Dymitra','Waltraud','Milena','Dušan','Milena, Erhard, Mileva'),(101,410,NULL,NULL,NULL,'Zsolt','Michala, Makarego','Engelbert v. A.','Igor','Darja','Igor, Ezechiel, Ivar, Ivor, Radomil, Igora, Radomila'),(102,411,NULL,NULL,NULL,'Leó, Szaniszló','Filipa, Leona','Stanislaus','Július','Izabela','Július, Antip, Ariel, Ariela, Arleta, Leo, Lev,'),(103,412,NULL,NULL,NULL,'Gyula','Damiana, Juliusza','Julius, Hertha','Estera','Julius','Estera, Aster, Davorín, Zenon, Astéria'),(104,413,NULL,NULL,'Deň nespravodlivo stíhaných','Ida','Przemyslawa, Idy','Martin I., Ida v B.','Aleš','Aleš','Aleš, Artem, Artemon, Artemia, Artemida, Norma'),(105,414,NULL,NULL,NULL,'Tibor','Bereniki, Waleriana','Tiburtius','Justina','Vincenc','Justína, Hrdoslav, Hrdoš, Justín, Davorína, Hrdoslava, Justa'),(106,415,NULL,NULL,NULL,'Anasztázia, Tas','Ludwiny, Waclawy','Waltmann','Fedor','Anastázie','Fedor, Fedora'),(107,416,NULL,NULL,NULL,'Csongor','Cecyliana, Bernadety','Bernadette','Dana, Danica','Irena','Dana, Danica'),(108,417,NULL,NULL,NULL,'Rudolf','Roberta, Rudolfa','Eberhard','Rudolf','Rudolf','Rudolf, Ralf, Rolf, Rudolfa, Rudolfína,Rudko'),(109,418,NULL,NULL,NULL,'Andrea, Ilma','Alicji, Boguslawy','Aja Apollonius','Valér','Valérie','Valér, Apolón, Erich, Verner, Ilma'),(110,419,NULL,NULL,NULL,'Emma','Adolfa, Tymona','Leo IX., Gerold','Jela','Rostislav','Jela, Krescenc, Krescencia'),(111,420,NULL,NULL,NULL,'Tivadar','Czeslawa, Agnieszki','Simon v. T.','Marcel','Marcela','Marcel, Hvezdoň'),(112,421,NULL,NULL,NULL,'Konrád','Bartosza, Feliksa','Konrad v. P., Anselm','Ervín','Alexandra','Ervín, Abelard, Adelard, Anzelm, Žitoslav, Anzelma, Ervína, Saskia, Žitoslava, Elissa'),(113,422,NULL,NULL,NULL,'Csilla, Noémi','Kai, Lukasza','Wolfhelm','Slavomír','Evžénie','Slavomír, Slávo, Tvrdomír, Jelena, Noema'),(114,423,NULL,NULL,NULL,'Béla','Jerzego, Wojciecha, Idziego','Georg, Gerhard','Vojtech','Vojtěch','Vojtech, Adalbert, Roger, Adalberta, Vojtecha, Vojteška'),(115,424,NULL,NULL,NULL,'György','Aleksego, Horacego','Wilfried','Juraj','Jiří','Juraj, Fidél, Gaston, Georg, Helmut, Jorik, Jürgen, Deora, Fidélia, Jorga, Jorika, Juraja'),(116,425,NULL,NULL,NULL,'Márk','Marka, Jaroslawa','Markus, Erwin, Ev.','Marek','Marek','Marek, Izmael, Marko, Markus, Marco'),(117,426,NULL,NULL,NULL,'Ervin','Marzeny, Marii, Klaudiusza','Trudpert','Jaroslava','Oto','Jaroslava'),(118,427,NULL,NULL,NULL,'Zita','Ludwika, Piotra','Petrus Can.','Jaroslav','Jaroslav','Jaroslav, Aristid, Tulius, Aristída, Tulia'),(119,428,NULL,NULL,NULL,'Valéria','Pawla, Walerii','Ludwig v. M.','Jarmila','Vlastislav','Jarmila, Prudencius, Prudencia'),(120,429,NULL,NULL,NULL,'Péter','Rity, Donaty','Roswitha','Lea','Robert','Lea, Timon'),(121,430,NULL,NULL,NULL,'Katalin, Kitti','Mariana, Katarzyny','Hildegard','Anastázia','Blahoslav','Anastázia, Anastáz, Blahomil, Asia, Blahomila, Nasťa, Nastasia'),(122,501,'Sviatok práce','Svátek práce',NULL,'Fülöp, Jakab','Jozefa, Jeremiasza',NULL,NULL,NULL,'-, Amarila, Pamela'),(123,502,NULL,NULL,NULL,'Zsigmond','Zygmunta, Atanazego','Athanasius, Boris','Žigmund','Zigmund','Žigmund, Atanáz, Atanázia, Aténa'),(124,503,NULL,NULL,NULL,'Timea, Irma','Marii, Marioli','Philipp, Jakob','Galina','Alexej','Galina,Timea, Horác, Desana, Halina'),(125,504,NULL,NULL,'Výročie úmrtia M.R. Štefánika','Mónika, Flórián','Moniki, Floriana','Florian','Florián','Květoslav','Florián, Flór, Aglája, Floriána, Florína, Pelagia'),(126,505,NULL,NULL,NULL,'Györgyi, Adrián','Ireny, Waldemara','Gotthard','Lesia, Lesana','Klaudie','Lesana, Gothard, Pius, Lesia, Pia, Toska'),(127,506,NULL,NULL,NULL,'Ivett, Frida','Filipa, Judyty','Valerian','Hermína','Radoslav','Hermína, Ovídius, Radivoj, Tankréd, Elfrída, Frída, Herina, Mineta'),(128,507,NULL,NULL,NULL,'Gizella','Benedykta, Gizeli','Gisela','Monika','Stanislav','Monika, Napoleon, Stanimír, Mona'),(129,508,'Deň víťazstva nad fašizmom','Den osvobození od fašismu - 1945',NULL,'Mihály','Ilzy, Stanislawa, Wiktora','Ida, Désiré','Ingrida',NULL,'Ingrida, Ina, Inga'),(130,509,NULL,NULL,NULL,'Gergely','Bozydara, Grzegorza','Volkmar','Roland','Ctibor','Roland, Rolanda, Christopher'),(131,510,NULL,NULL,NULL,'Ármin, Pálma','Izydora, Antoniny','Antonin','Viktória','Blažena','Viktória, Armín, Armína, Beatrica'),(132,511,NULL,NULL,NULL,'Ferenc','Igi,, Ignacego','Gangolf','Blažena','Svatava','Blažena, Miranda, Svatava'),(133,512,NULL,NULL,NULL,'Pongrác','Joanny, Achillesa','Pankratius','Pankrác','Pankrác','Pankrác, Achiles'),(134,513,NULL,NULL,NULL,'Szervác, Imola','Glori, Gerwazego','Servatius','Servác','Servác','Servác, Chraniboj, Chranibor, Chranislav, Servián, Chranislava, Imelda, Konzuela'),(135,514,NULL,NULL,NULL,'Bonifác','Bonifacego, Dobieslawa','Bonifatius','Bonifác','Bonifác','Bonifác'),(136,515,NULL,NULL,NULL,'Zsófia, Szonja','Zofii, Nadziei','Rupert, Sophie','Žofia, Sofia','Žofie','Žofia, Brenda, Raisa, Sofia, Zosia, Sophia, Sophie'),(137,516,NULL,NULL,NULL,'Mózes, Botond','Andrzeja, Jedrzeja','Johannes','Svetozár','Přemysl','Svetozár, Peregrín, Peregrína'),(138,517,NULL,NULL,NULL,'Paszkál','Brunona, Paschalisa','Walter, Pascal','Gizela','Aneta','Gizela, Andronik, Ditmar, Paskal, Andronika, Paskália, Aneta'),(139,518,NULL,NULL,NULL,'Alexandra, Erik','Eryka, Feliksa','Erich','Viola','Nataša','Viola'),(140,519,NULL,NULL,NULL,'Ivó, Milán','Piotra, Iwa','Cölestin V., Ivo','Gertrúda','Ivo','Gertrúda, Gerda'),(141,520,NULL,NULL,NULL,'Bernát, Felicia','Aleksandra, Bazylego','Elfriede','Bernard','Zbyšek','Bernard, Bernardín, Hviezdoslav, Bernadeta, Bernarda, Bernardína, Hviezdoslava'),(142,521,NULL,NULL,NULL,'Konstantin','Jana, Wiktora','Hermann, Josef','Zina','Monika','Zina, Dobromír, Hostimil, Hostirad, Hostislav, Hostisvit, Teobald, Dobromíra, Hostimila, Hostislava'),(143,522,NULL,NULL,NULL,'Júlia, Rita','Heleny, Wieslawy','Rita, Julia','Júlia, Juliana','Emil','Júlia, Juliana, Liana, Rita'),(144,523,NULL,NULL,NULL,'Dezső','Emilii, Iwony','Renate','Želmíra','Vladimír','Želmíra, Želmír, Želimír'),(145,524,NULL,NULL,NULL,'Eszter, Eliza','Joanny, Zuzanny','Vinzenz, Dagmar','Ela','Jana, Vanesa','Ela'),(146,525,NULL,NULL,NULL,'Orbán','Boryslawa, Grzegorza','Gregor VII.','Urban','Viola','Urban, Vanesa'),(147,526,NULL,NULL,NULL,'Fülöp, Evelin','Filipa, Pauliny','Philip N.','Dušan','Filip','Dušan'),(148,527,NULL,NULL,NULL,'Hella','Augustyna, Juliana','Augustin v. C.','Iveta','Valdemar','Iveta, Vadim, Valdemar, Valdemara'),(149,528,NULL,NULL,NULL,'Emil, Csanád','Jaromira, Justa','Wilhelm','Viliam','Vilém','Viliam, Vilhelm, Elektra, Elma, Vilhelmína, William'),(150,529,NULL,NULL,NULL,'Magdolna','Magdaleny, Bogumily','Maximin','Vilma','Maxmilián','Vilma, Elmar, Maxim, Maxima'),(151,530,NULL,NULL,NULL,'Janka, Zsanett','Karola, Ferdynanda','Ferdinand','Ferdinand','Ferdinand','Ferdinand, Neander, Ferdinanda'),(152,531,NULL,NULL,NULL,'Angéla, Petronella','Anieli, Petroneli','Petronilla, Aldo','Petrana, Petronela','Kamila','Petrana, Petronela, Petrónius, Blahoslav, Nela, Petrónia, Nelly'),(153,601,NULL,NULL,NULL,'Tünde','Jakuba, Justyna','Konrad, Silke','Žaneta','Laura','Žaneta'),(154,602,NULL,NULL,NULL,'Kármen, Anita','Erazma, Marianny','Armin, Eugen','Xénia, Oxana','Jarmil','Oxana, Xénia,Karmen, Karmena, Erazim, Erazmus, Jaromil, Vlastimila'),(155,603,NULL,NULL,NULL,'Klotild','Leszka, Tamary','Karl L., Silvia','Karolína','Tamara','Karolína, Kevin, Lino, Linus, Palmíro, Kaja, Klotilda, Lina, Lineta, Palmíra'),(156,604,NULL,NULL,NULL,'Bulcsú','Franciszka, Karola','Franz C., Klothilde','Lenka','Dalibor','Lenka, Lena'),(157,605,NULL,NULL,NULL,'Fatime','Bonifacego, Waltera','Bonifaz','Laura','Dobroslav','Laura, Dorotej, Fatima, Laurencia, Loreta, Loriána'),(158,606,NULL,NULL,NULL,'Norbert, Cintia','Norberta, Laurentego','Norbert','Norbert','Norbert','Norbert, Norman, Romulus, Adolfína, Norberta, Perzida'),(159,607,NULL,NULL,'Výročie Memoranda národa slovenského','Róbert','Roberta, Wieslawa','Robert','Róbert','Iveta, Slavoj','Róbert, Borislav, Robin, Teodot, Dalma, Oriána, Róberta, Robina, Silver'),(160,608,NULL,NULL,NULL,'Medárd','Maksyma, Medarda','Medardus, Ilga','Medard','Medard','Medard'),(161,609,NULL,NULL,NULL,'Félix','Anny, Felicjana','Ephräm, Gratia','Stanislava','Stanislava','Stanislava, Felicián, Prímus, Vojeslav, Berenika, Vojeslava'),(162,610,NULL,NULL,NULL,'Margit, Gréta','Bogumila, Malgorzaty','Heinrich v. B., Diana','Margaréta','Gita','Margaréta, Gréta'),(163,611,NULL,NULL,NULL,'Barnabás','Barnaby, Radomila','Barnabas, Alice','Dobroslava','Bruno','Dobroslava, Barnabáš, Dobrava, Dobrota, Dobrotína, Flóra, Pavoslava'),(164,612,NULL,NULL,NULL,'Villő','Janiny, Jana','Leo III., Johann v. S. F.','Zlatko','Antonie','Zlatko, Svätoslav, Svetislav, Svetoslav, Zlatan, Zlatomír, Zlatoň, Zlatoš, Svätoslava, Svetislava, Svetoslava, Zlatana, Zlatomíra'),(165,613,NULL,NULL,NULL,'Antal, Anett','Lucjana, Antoniego','Antonius v. P.','Anton','Antonin','Anton, Genadij, Tobiáš, Tobias'),(166,614,NULL,NULL,NULL,'Vazul','Bazylego, Elizy','Burkhard, Gottschalk','Vasil','Roland','Vasil, Bazil, Elizej, Kvintilián, Kvintín, Kvintus, Herta, Kvinta, Kvintiliána'),(167,615,NULL,NULL,NULL,'Jolán, Vid','Wita, Jolanty','Vitus, Veit','Vít','Vít','Vít, Jolana'),(168,616,NULL,NULL,NULL,'Jusztin','Aliny, Benona','Benno v. M.','Blanka, Bianka','Zbyněk','Bianka, Blanka, Benon, Božetech, Alina, Božetecha'),(169,617,NULL,NULL,NULL,'Laura, Alida','Alberta, Ignacego','Rainer, Adolf v. M.','Adolf','Adolf','Adolf, Adolfína'),(170,618,NULL,NULL,NULL,'Arnold, Levente','Marka, Elzbiety','Markus, Marcellianus','Vratislav','Milan','Vratislav, Leontín, Milovan, Milovín, Sedrik, Leontína, Milovana'),(171,619,NULL,NULL,NULL,'Gyárfás','Gerwazego, Protazego','Juliana v. F.','Alfréd','Leoš','Alfréd, Leonid, Leonídas, Leoš, Ruslan, Alfréda'),(172,620,NULL,NULL,NULL,'Rafael','Diny, Bogny','Adalbert, Florentina','Valéria','Květa','Valéria, Florencián, Florentín, Silver, Florencia, Florentína'),(173,621,NULL,NULL,NULL,'Alajos, Leila','Alicji, Alojzego','Aloisius v. G.','Alojz','Alois','Alojz, Elvis, Lejla'),(174,622,NULL,NULL,NULL,'Paulina','Pauliny, Tomasza','Thomas M.','Paulína','Pavla','Paulína, Achác, Eberhard, Paulín, Paula, Rozvita, Zaira'),(175,623,NULL,NULL,NULL,'Zoltán','Wandy, Zenona','Edeltraud','Sidónia','Zdeňka','Sidónia, Sidón'),(176,624,NULL,NULL,NULL,'Iván','Jana, Danuty','Johannes der Täufer','Ján','Jan','Ján, Janis, Jaško, Jens, Johan, Jovan, Nino, Sean'),(177,625,NULL,NULL,NULL,'Vilmos','Lucji, Wilhelma','Dorothea, Eleonore','Olívia, Tadeáš','Ivan','Tadeáš, Olívia, Olívius, Prosper, Febrónia, Oliva'),(178,626,NULL,NULL,NULL,'János, Pál','Jana, Pawla','Johann, Paul','Adriána','Adriana','Adriána, Stojan, Adriena, Ria, Riana, Stojana'),(179,627,NULL,NULL,NULL,'László','Maryli, Wladyslawa','Cyrill v. A., Harald','Ladislav, Ladislava','Ladislav','Ladislav, Ladislava, Samson, Sulamita'),(180,628,NULL,NULL,NULL,'Levente, Irén','Leona, Ireneusza','Irenäus, Diethild','Beáta','Lubomir','Beáta, Beátus, Slavoj, Bea'),(181,629,NULL,NULL,NULL,'Péter, Pál','Piotra, Pawla','Peter, Paul Judith','Peter, Pavol, Petra','Petr, Pavel','Peter, Pavol, Petra, Pavel, Pavla, Petula'),(182,630,NULL,NULL,NULL,'Pál','Emilii, Lucycy','Otto, Ernst v. P.','Melánia','Šárka','Melánia, Vlastibor, Vlastimír, Šárka, Vlastimíra'),(183,701,NULL,NULL,NULL,'Tihamér, Annamária','Haliny, Mariana','Theobald','Diana','Jaroslava','Diana, Dean, Dejan, Dina, Zian, Dajana, Deana, Kalina, Tabita'),(184,702,NULL,NULL,NULL,'Ottó','Jagody, Urbana','Mariä, Heimsuchung','Berta','Patricie','Berta, Bertín, Bertína'),(185,703,NULL,NULL,NULL,'Kornél, Soma','Jacka, Anatola','Thomas, Raimund','Miloslav','Radomir','Miloslav, Irenej, Miliduch, Milomír, Milorad, Radimír, Rodimír, Radimíra'),(186,704,NULL,NULL,NULL,'Ulrik','Malwiny, Odona','Elisabeth v. P.','Prokop','Prokop','Prokop, Procius, Prokopa'),(187,705,'Sviatok svätého Cyrila a Metoda','Den slovanských věrozvestú Cyrila a Metodeje','Deň zahraničných Slovákov','Emese, Sarolta','Marii, Antoniego','Anton M. Zacc.','Cyril, Metod','Cyril, Metoděj','Cyril, Metod, Cyrus, Cyrila'),(188,706,NULL,'Den upálení mistra Jana Husa - 1415',NULL,'Csaba','Dominiki, Gotarda','Maria Goretti','Patrik, Patrícia',NULL,'Patrik, Patrícia, Patrokles'),(189,707,NULL,NULL,NULL,'Apollónia','Benedykta, Cyryla','Willibald','Oliver','Bohuslava','Oliver, Donald, Kastor, Veleslav, Velislav, Valibals, Veleslava, Velislava'),(190,708,NULL,NULL,NULL,'Ellák','Adryiany, Eugeniusza','Eugen III., Edgar K.','Ivan','Nora','Ivan, Ivo, Kilián, Perikles'),(191,709,NULL,NULL,NULL,'Lukrécia','Lukrecji, Weroniki','Gottfried, Veronika','Lujza','Drahoslava','Lujza, Lukrécius, Lizelota, Lukrécia'),(192,710,NULL,NULL,NULL,'Amália','Olafa, Witalisa','Knud, Engelbert','Amália','Libuše, Amálie','Amália, Amína, Lada'),(193,711,NULL,NULL,NULL,'Nóra, Lili','Olgi, Kaliny','Benedikt v. N., Oliver','Milota','Olga','Milota, Milutín'),(194,712,NULL,NULL,NULL,'Izabella, Dalma','Jana, Brunona','Nabor, Felix','Nina','Bořek','Nina, Fortunát, Fortunáta'),(195,713,NULL,NULL,NULL,'Jenő','Ernesta, Malgorzaty','Heinrich II.','Margita','Markéta','Margita, Arne, Borivoj, Merkéta,'),(196,714,NULL,NULL,NULL,'Ors, Stella','Bonawentury, Stelii','Roland','Kamil','Karolína','Kamil'),(197,715,NULL,NULL,NULL,'Henrik, Roland','Dawida, Henryka','Egon, Balduin','Henrich','Jindřich','Henrich, Egon, Enrik, Enriko, Henrik, Henrika, Lota, Šarlota'),(198,716,NULL,NULL,NULL,'Valter','Eustachego, Marii','Maria v. B. K., Carmen','Drahomír','Luboš','Drahomír, Karmela, Rút, Rúta'),(199,717,NULL,NULL,'Výročie Deklarácie o zvrchovanosti Slovenskej republiky','Endre, Elek','Anety, Bogdana','Alexius','Bohuslav','Martina','Bohuslav, Božislav, Svorad'),(200,718,NULL,NULL,NULL,'Frigyes','Emila, Erwina','Friedrich, Arnold','Kamila','Drahomira','Kamila, Rowa'),(201,719,NULL,NULL,NULL,'Emilia','Wincentego, Wodzislawa','Justa, Bernulf','Dušana','Čeněk','Dušana'),(202,720,NULL,NULL,NULL,'Illés','Czeslawa, Fryderyka','Margareta','Iľja, Eliáš','Ilja','Eliáš, Iľja, Ilia, Eliána, Iliana, Elisa'),(203,721,NULL,NULL,NULL,'Dániel, Daniella','Daniela, Dalidy','Daniel','Daniel','Vítězslav','Daniel, Dan, Dalina'),(204,722,NULL,NULL,NULL,'Magdolna','Marii, Magdaleny','Maria Magdalena','Magdaléna','Magdaléna','Magdaléna, Magda, Mahuliena, Majda'),(205,723,NULL,NULL,NULL,'Lenke','Bogny, Apolinarego','Brigitta','Oľga','Libor','Oľga, Apolinár, Libérius, Libor, Liborius, Apolinára, Libora, Lilien'),(206,724,NULL,NULL,NULL,'Kinga, Kincső','Kingi, Krystyny','Christophorus','Vladimír','Kristýna','Vladimír, Kinga'),(207,725,NULL,NULL,NULL,'Kristóf, Jakab','Walentyny, Krzysztofa','Jakob, Thea, Ap.','Jakub','Jakub','Jakub, Žakelína'),(208,726,NULL,NULL,NULL,'Anna, Anikó','Anny, Miroslawy','Anna, Joachim','Anna, Hana','Anna','Anna, Hana, Aneta, Anica, Anita, Annamária, Naneta, Joachim'),(209,727,NULL,NULL,NULL,'Olga, Liliána','Celestyna, Lilii','Rudolf A.','Božena','Věroslav','Božena, Gorazd, Pantaleon'),(210,728,NULL,NULL,NULL,'Szabolcs','Aidy, Innocentego','Samuel, Viktor','Krištof','Viktor','Krištof, Inocent, Svätomír, Svätoš, Inocencia, Nausika, Svätomíra'),(211,729,NULL,NULL,NULL,'Márta, Flóra','Olafa, Marty','Martha, Lucilla','Marta','Marta','Marta, Olaf, Serafín, Serafa, Serafína'),(212,730,NULL,NULL,NULL,'Judit, Xénia','Julity, Piotra','Ingeborg','Libuša','Bořivoj','Libuša, Abdon, Ingemar, Ingeborga, Ľubuša, Rowena'),(213,731,NULL,NULL,NULL,'Oszkár','Ignacego, Lubomira','Ignatius v. L.','Ignác','Ignác','Ignác, Ignát, Vatroslav, Ignácia'),(214,801,NULL,NULL,NULL,'Boglárka','Alfonsa, Nadii','Alfons v. L.','Božidara','Oskar','Božidara, Božidar, Ľudomír, Božica, Kleopatra, Ľudomíra, Penelopa'),(215,802,NULL,NULL,NULL,'Lehel','Kariny, Gustawa','Eusebius v. V., Stefan','Gustáv','Gustav','Gustáv, Gustáva'),(216,803,NULL,NULL,NULL,'Hermina','Lidii, augusta','Lydia, Benno v. E.','Jerguš','Miluše','Jerguš, Nikodém, Nikodéma'),(217,804,NULL,NULL,'Deň Matice slovenskej','Domonkos, Dominika','Dominika, Jana','Johannes M. V., Rainer','Dominika, Dominik','Dominik','Dominik, Dominika, Krasoslav, Rainer, Krasoslava, Donna'),(218,805,NULL,NULL,NULL,'Krisztina','Marii, Oswalda','Oswald, Dominika','Hortenzia','Kristián','Hortenzia, Hortenz, Milivoj, Osvald, Snežana'),(219,806,NULL,NULL,NULL,'Bertabettina','Slawy, Jakuba','Christi Verklärung','Jozefína','Oldriška','Jozefína, Nehoslav, Jozefa'),(220,807,NULL,NULL,NULL,'Ibolya','Klaudii, Kajetana','Albert','Štefánia','Lada','Štefánia, Kajetán, Afra, Afrodita, Kajetána, Štefana'),(221,808,NULL,NULL,NULL,'László','Cypriana, Dominika','Dominikus, Gustav','Oskar','Soběslav','Oskar, Donát, Hartvig, Virgín, Donáta, Virgínia'),(222,809,NULL,NULL,NULL,'Emőd','Romana, Ryszarda','Edith','Ľubomíra','Roman','Ľubomíra, Rastic'),(223,810,NULL,NULL,NULL,'Lőrinc','Bogdana, Borysa','Laurentius, Astrid','Vavrinec','Vavřinec','Vavrinec, Lars, Laurenc, Laurus, Lorenc, Vavro'),(224,811,NULL,NULL,NULL,'Zsuzsanna, Tiborc','Klary, Lidii','Klara, Susanna','Zuzana','Zuzana','Zuzana, Trojan, Dulcia, Dulcinela, Dulcínia'),(225,812,NULL,NULL,NULL,'Klára','Lecha, Euzebii','Hilaria','Darina','Klára','Darina, Dárius, Dária'),(226,813,NULL,NULL,NULL,'Ipoly','Diany, Hipolita','Gertrud v. A., Marco','Ľubomír','Alena','Ľubomír, Hypolit, Kasián, Kasius, Belinda'),(227,814,NULL,NULL,NULL,'Marcell','Alfreda, Euzebiusza','Maximilian','Mojmír','Alan','Mojmír, Eusébius, Mojtech, Eusébia'),(228,815,NULL,NULL,NULL,'Mária','Marii, Napoleona','Mariä Himmelfahrt','Marcela','Hana','Marcela'),(229,816,NULL,NULL,NULL,'Ábrahám','Stefana, Rocha','Stefan v. U., Theodor','Leonard','Jáchym','Leonard, Jáchim, Joachim, Linhart, Rochus, Leonarda'),(230,817,NULL,NULL,NULL,'Jácint','Anity, Elizy','Hyazinth','Milica','Petra','Milica, Bertram, Bertrand, Hyacint, Libert, Miron, Hyacinta'),(231,818,NULL,NULL,NULL,'Ilona','Ilony, Klary','Helene, Claudia','Elena, Helena','Helena','Elena, Helena, Ilona'),(232,819,NULL,NULL,NULL,'Huba','Jana, Boleslawa','Emilia B.','Lýdia','Ludvík','Lýdia, Vratislava, Lilien'),(233,820,NULL,NULL,NULL,'István','Bernarda, Samuela','Bernhard v. Cl.','Anabela','Bernard','Anabela, Arabela, Liliana'),(234,821,NULL,NULL,NULL,'Sémuel, Hajna','Franciszka, Joanny','Pius X.','Jana','Johana','Jana, Johana, Jovana'),(235,822,NULL,NULL,NULL,'Menyhért, Mirjam','Marii, Cezarego','Regina, Siegfried A.','Tichomír','Bohuslav','Tichomír, Sigfríd, Tichomil, Tichomíra'),(236,823,NULL,NULL,NULL,'Bence','Rozy, Apolinarego','Rosa v. L., Philipp B.','Filip','Sandra','Filip, Vlastislav, Filipa, Filipína, Vlastislava'),(237,824,NULL,NULL,NULL,'Bertalan','Emilii, Jerzego','Isolde, Michaela','Bartolomej','Bartoloměj','Bartolomej, Bartolomea'),(238,825,NULL,NULL,NULL,'Lajos, Patricia','Luizy, Ludwika','Ludwig IX., Patricia','Ľudovít','Radim','Ľudovít, Ludvig, Radim, Ľudovíta'),(239,826,NULL,NULL,NULL,'Izsó','Marii, Zefiryny','Margareta v. F.','Samuel','Luděk','Samuel, Samo, Zemfír, Samuela, Tália, Zemfíra'),(240,827,NULL,NULL,NULL,'Gáspár','Moniki, Cezarego','Monika','Silvia','Otakar','Silvia, Silvio, Silvius'),(241,828,NULL,NULL,NULL,'Ágoston','Patrycji, Wyszomira','Augustin','Augustín','Augustýn','Augustín, August, Augusta, Augustína, Gustína'),(242,829,'Výročie Slovenského národného povstania',NULL,NULL,'Beatrix, Erna','Beaty, Jana','Sabine, Beatrix v. A.','Nikola, Nikolaj','Evelína','Nikola, Nikolaj, Koleta, Nikoleta'),(243,830,NULL,NULL,NULL,'Rózsa','Rozy, Szczesnego','Herbert v. K., Felix','Ružena','Vladěna','Ružena, Ružica'),(244,831,NULL,NULL,NULL,'Erika, Bella','Izabeli, Ramony','Raimund N.','Nora','Pavlína','Nora, Rajmund, Ramón, Rajmunda, Ramona'),(245,901,'Deň ústavy Slovenskej republiky',NULL,NULL,'Egyed, Egon','Bronislawy, Idziego','Verena, Ruth','Drahoslava','Linda, Samuel','Drahoslava, Egid, Egídius, Deborah'),(246,902,NULL,NULL,NULL,'Rebeka, Dorina','Juliana, Stefana','René, Ingrid','Linda, Rebeka','Adéla','Linda, Absolón, Axel, Justus, Ermelinda, Melinda, Rebeka'),(247,903,NULL,NULL,NULL,'Hilda','Izabeli, Szymona','Gregor d. Gr.','Belo','Bronislav','Belo, Antim, Klélia'),(248,904,NULL,NULL,NULL,'Rozália','Jdy, Lilianny','Rosalia, Ida','Rozália','Jindřiška','Rozália, Kandid, Mojžiš, Rozalín, Rozálio, Kandida, Róza, Rozeta, Rozita, Rusalka'),(249,905,NULL,NULL,NULL,'Viktor, Lőrinc','Doroty, Wawrzynca','Laurentius, Albert','Regina','Boris','Regína, Bojan, Bojimír, Bojislav, Borimír, Branimír, Chotimír, Justinián, Otakar, Regan, Regulus, Viktorín, Bojana, Bojimíra, Boislava, Branimíra, Budislava, Chotimíra, Larisa'),(250,906,NULL,NULL,NULL,'Zakariás','Beaty, Eugeniusza','Magnus, Beata','Alica','Boleslav','Alica, Brian, Magnus, Mansvét, Zachariáš, Bria, Larisa'),(251,907,NULL,NULL,NULL,'Regina','Reginy, Melchiora','Regina, Ralph','Marianna','Regína','Marianna, Mariana'),(252,908,NULL,NULL,NULL,'Mária, Adrienn','Marii, Adriany','Mariä Geburt','Miriama','Mariana','Miriama, Miriana'),(253,909,NULL,NULL,NULL,'Ádám','Piotra, Sergiusza','Grogonius','Martina','Daniela','Martina, Gordan, Gordián, Gordon, Omar, Gordana, Rea, Tina'),(254,910,NULL,NULL,NULL,'Nikolett, Hunor','Lukasza, Mikolaja','Nikolaus v. T., Diethard','Oleg','Irma','Oleg, Honór, Vitold, Honóra, Krasava, Vitolda'),(255,911,NULL,NULL,NULL,'Teodóra','Jacka, Dagny','Helga','Bystrík','Denisa, Denis','Bystrík, Prótus, Zdislav, Helga, Zdislava'),(256,912,NULL,NULL,NULL,'Mária','Radzimira, Gwidona','Eberhard, Guido','Mária','Marie','Mária, Maja, Manon, Manona, Marica, Mariela, Marieta, Marika, Marila, Mariola, Marlena, Marusia, Jessica, Mia'),(257,913,NULL,NULL,NULL,'Kornél','Eugeni, Aureliusza','Tobias','Ctibor','Lubor','Ctibor, Amát, Amátus, Stibor, Sven, Amáta, Tobias'),(258,914,NULL,NULL,NULL,'Szeréna, Roxána','Roksana, Bernarda','Kreuz-Erhöhung','Ľudomil','Radka','Ľudomil, Dragan, Dragutín, Drahan, Drahotín, Ľudomila, Radka, Serena'),(259,915,'Sedembolestná Panna Mária',NULL,NULL,'Enikő, Melitta','Albina, Nikodema','Dolores, Melitta','Jolana','Jolana','Jolana, Melissa, Melisa, Melita'),(260,916,NULL,NULL,NULL,'Edit','Edyty, Kornela','Ludmilla, Edith','Ľudmila','Ludmila','Ľudmila, Dunja'),(261,917,NULL,NULL,NULL,'Zsófia','Franciszka, Hildegardy','Robert B., Lambert','Olympia','Naděžda','Olympia, Lambert, Záviš'),(262,918,NULL,NULL,NULL,'Diána','Irmy, Jozefa','Josef v. C.','Eugénia','Kryštof','Eugénia, Ariadna'),(263,919,NULL,NULL,'Deň prvého verejného vystúpenia Slovenskej národnej rady','Vilhelmina','Januarego, Konstancji','Wilma, Arnulf','Konštantín','Zita','Konštantín, Trofín, Konstancia, Konštantína'),(264,920,NULL,NULL,NULL,'Friderika','Filipiny, Eustachego','Fausta, Candida','Ľuboslav, Ľuboslava','Oleg','Ľuboslav, Ľuboslava, Eustach, Filibert, Liboslav, Eustachia, Liboslava'),(265,921,NULL,NULL,NULL,'Máté, Mirella','Jonasza, Mateusza','Matthäus','Matúš','Matouš','Matúš, Ifigénia, Mirela'),(266,922,NULL,NULL,NULL,'Móric','Tomasza, Maurycego','Moritz','Móric','Darina','Móric, Maurícius, Maurus'),(267,923,NULL,NULL,NULL,'Tekla','Boguslawa, Tekli','Helene D., Thekla','Zdenka','Berta','Zdenka, Polyxénia, Tekla, Zdena'),(268,924,NULL,NULL,NULL,'Gellért, Mercédesz','Gerarda, Teodora','Rupert v. S.','Ľuboš, Ľubor','Jaromír','Ľubor, Ľuboš, Terenc'),(269,925,NULL,NULL,NULL,'Eufrozina, Kende','Aurelii, Ladyslawa','Nikolaus v. Fl.','Vladislav','Zlata','Vladislav, Vladivoj, Eufrozina, Fruzína, Vladislava, Jesika'),(270,926,NULL,NULL,NULL,'Jusztina, Pál','Justyny, Cypriana','Eugenia','Edita','Andrea','Edita, Damián, Kozmas, Damiána,'),(271,927,NULL,NULL,NULL,'Adalbert','Damiana, Amadeusza','Vinzenz v. P.','Cyprián','Jonáš','Cyprián,Mirabela'),(272,928,NULL,'Den české státnosti',NULL,'Vencel','Luby, Waclawa','Wenzel v. B., Dietmar','Václav','Václav','Václav, Chariton, Kariton, Václava'),(273,929,NULL,NULL,NULL,'Mihály','Michala, Michaliny','Michael, Gabriel','Michal, Michaela','Michal','Michal, Michaela, Michael, Michala'),(274,930,NULL,NULL,NULL,'Jeromos','Wery, Honoriusza','Hieronymus','Jarolím','Jeroným','Jarolím, Hieronym, Jeremiáš, Jarolíma, Ráchel, Ráchela, Una'),(275,1001,NULL,NULL,NULL,'Malvin','Danuty, Remigiusza','Theresia v. K. J.','Arnold','Igor','Arnold, Remig, Remus, Arnolda, Belina'),(276,1002,NULL,NULL,NULL,'Petra','Teofila, Dinozji','Schutzengelfest','Levoslav','Olívie, Oliver','Levoslav, Leodegar, Levoslava'),(277,1003,NULL,NULL,NULL,'Helga','Teresy, Heliodora','Ewald, Udo','Stela','Bohumil','Stela, Amadeus, Evald, Amadea'),(278,1004,NULL,NULL,NULL,'ferenc','Rozalii, Edwina','Franz v. Assisi, Edwin','František','František','František, Edvin, Fraňo'),(279,1005,NULL,NULL,NULL,'Aurél','Igora, Flawii','Attila, Placidus','Viera','Eliška','Viera, Blahomír, Placid, Blahomíra, Karitína, Placida'),(280,1006,NULL,NULL,'Deň obetí Dukly','Brúnó, Renáta','Artura, Brunona','Bruno d. Karth.','Natália','Hanuš','Natália'),(281,1007,NULL,NULL,NULL,'Amália','Marii, Marka','Markus I.','Eliška','Justýna','Eliška'),(282,1008,NULL,NULL,NULL,'Koppány','Pelagii, Brygidy','Simeon','Brigita','Věra','Brigita, Brit, Brita'),(283,1009,NULL,NULL,NULL,'Dénes','Arnolda, Dionizego','Dionysius','Dionýz','Štefan, Sára','Dionýz, Dionýzia'),(284,1010,NULL,NULL,NULL,'Gedeon','Pauliny, Franciszka','Viktor v. X.','Slavomíra','Marina','Slavomíra, Gedeon, Záboj, Krasomila'),(285,1011,NULL,NULL,NULL,'Brigitta','Emila, Aldony','Bruno v. K.','Valentína','Andrej','Valentína, Belín, Zvonimír, Zvonislav, Bruna, Brunhilda, Luneta, Selena, Zvonimíra, Zvonislava'),(286,1012,NULL,NULL,NULL,'Miksa','Eustachego, Maksymiliana','Maximilian, Horst','Maximilián','Marcel','Maximilián, Max, Maximiliána'),(287,1013,NULL,NULL,NULL,'Kálmán, Ede','Gerarda, Edwarda','Eduard','Koloman','Renáta','Koloman, Edgar'),(288,1014,NULL,NULL,NULL,'Helén','Alana, Kaliksta','Burkhard','Boris','Agáta','Boris, Borislav, Kalist, Borislava, Kalista'),(289,1015,NULL,NULL,NULL,'Teréz','Teresy, Jadwigi','Theresia v. A.','Terézia','Tereza','Terézia, Tereza'),(290,1016,NULL,NULL,NULL,'Gál','Gawla, Florentyny','Hedwig','Vladimíra','Havel','Vladimíra, Gál, Havel, Havla'),(291,1017,NULL,NULL,NULL,'Hedvig','Malgorzaty, Wiktora','Ignatuis v. A., Rudolf','Hedviga','Hedvika','Hedviga, Jadviga'),(292,1018,NULL,NULL,NULL,'Lukács','Juliusza, Lukasza','Lukas','Lukáš','Lukáš','Lukáš'),(293,1019,NULL,NULL,NULL,'Nándor','Pelagii, Piotra','Paul v. Kr., Frieda','Kristián','Michaela','Kristián, Christián, Izák, Christiána, Kristiána'),(294,1020,NULL,NULL,NULL,'Vendel','Ireny, Jana','Wendelin','Vendelín','Vendelin','Vendelín, Eunika, Vendelína'),(295,1021,NULL,NULL,NULL,'Orsolya','Urszuli, Hilarego','Ursula','Uršuľa','Brigita','Uršuľa, Anatol, Anatólia, Antília'),(296,1022,NULL,NULL,NULL,'Előd','Filipa, Korduli','Kordula','Sergej','Sabina','Sergej, Dobromil, Sergius, Zdravomil, Kordula, Korduľa, Pribislava, Saloma, Saloména, Solomia'),(297,1023,NULL,NULL,NULL,'Gyöngyi','Marleny, Seweryna','Oda','Alojzia','Teodora','Alojzia, Žitomír'),(298,1024,NULL,NULL,NULL,'Salamon','Rafala, Marcina','Anton M. Cl.','Kvetoslava','Nina','Kvetoslava, Aretas, Cvetan, Gilbert, Harold, Herald, Krasomil, Kvetoň, Kvetoslav, Rafael, Šalamún, Areta, Cvetana, Gilberta, Kveta, Kvetana, Kvetava, Rafaela'),(299,1025,NULL,NULL,NULL,'Blanka, Bianka','Darii, Wilhelminy','Krispin','Aurel','Beáta','Aurel, Krišpín, Vojmír, Zosim, Živan, Živko, Dália, Vojmíra, Živa, Živana'),(300,1026,NULL,NULL,NULL,'Dömötör','Lucjana, Ewarysta','Nationalfeiertag','Demeter','Erik','Demeter, Amand, Dimitrij, Evarist, Amanda, Demetria'),(301,1027,NULL,NULL,'Deň černovskej tragédie','Szabina','Jwony, Sabiny','Wolfhard','Sabína','Šarlota','Sabína, Horislav, Hromislav, Horislava, Hromislava, Sabrina, Zoa, Zoana'),(302,1028,NULL,'Den vzniku samostatného Československého státu - 1918',NULL,'Simon, Szimonetta','Szymona, Tadeusza','Simon, Judas, Thadd.','Dobromila',NULL,'Dobromila,Kevin'),(303,1029,NULL,NULL,'Deň narodenia Ľudovíta Štúra','Nárcisz','Euzebii, Wioletty','Hermelindis','Klára','Silvie','Klára, Narcis, Zenob, Klarisa, Narcisa, Zenóbia, Chiara'),(304,1030,NULL,NULL,'Výročie Deklarácie slovenského národa','Alfonz','Zenobii, Przemyslawa','Alfons Rodr.','Šimon, Simona','Tadeáš','Šimon, Simona, Arzen, Asen, Simon, Asena, Simoneta, Šimona'),(305,1031,NULL,NULL,'Deň reformácie','Farkas','Urbana, Saturnina','Wolfgang, Christoph','Aurélia','Štěpánka','Aurélia, Stacho, Volfgang'),(306,1101,'Sviatok všetkých svätých',NULL,NULL,'Marianna','Juliana, Lukasza','Allerheiligen','Denis, Denisa','Felix','Denis, Denisa'),(307,1102,NULL,NULL,NULL,'Achilles','Bohdany, Tobiasza','Allerseelen',NULL,NULL,'-, Cézar, Cezária'),(308,1103,NULL,NULL,NULL,'Győző','Sylwii, Huberta','Hubert, Silvia','Hubert','Hubert','Hubert'),(309,1104,NULL,NULL,NULL,'Károly','Karola, Olgierda','Karl Borr.','Karol','Karel','Karol, Džesika, Jesika, Karola, Skarleta, Jessica'),(310,1105,NULL,NULL,NULL,'Imre','Elzbiety, Slawomira','Emmerich','Imrich','Miriam','Imrich, Emerich, Imriška'),(311,1106,NULL,NULL,NULL,'Lénárd','Feliksa, Leonarda','Christina d. K.','Renáta','Liběna','Renáta, Renát, Renáto, Renátus'),(312,1107,NULL,NULL,NULL,'Rezső','Antoniego, Zytomira','Engelbert','René','Saskia','René, Engelbert'),(313,1108,NULL,NULL,NULL,'Zsombor','Sewera, Hadriany','Gottfried','Bohumír','Bohumir','Bohumír, Bohumíra'),(314,1109,NULL,NULL,NULL,'Tivadar','Ursyna, Todora','Theodor','Teodor','Bohdan','Teodor, Orest, Teo, Teodorik, Teodoz, Deodata, Tea, Teodora, Teodózia'),(315,1110,NULL,NULL,NULL,'Réka','Leny, Ludomira','Leo d. Gr., Andreas Av.','Tibor','Evžen','Tibor, Tiber, Meluzína, Tibora'),(316,1111,NULL,NULL,NULL,'Márton','Marcina, Bartlomieja','Martin v. T.','Martin, Maroš','Martin','Maroš, Martin, Martinián'),(317,1112,NULL,NULL,NULL,'Jónás, Renátó','Renaty, Witolda','Emil, Christian','Svätopluk','Benedikt','Svätopluk, Astrid, Jonáš, Astrida'),(318,1113,NULL,NULL,NULL,'Szilvia','Mikolaja, Stanislawa','Eugen','Stanislav','Tibor','Stanislav'),(319,1114,NULL,NULL,NULL,'Aliz','Rogera, Serafiny','Alberich','Irma','Sáva','Irma, Juventín, Mladen, Mladoň, Mladotín, Ima, Juventína, Mladena, Mladotína'),(320,1115,NULL,'Den boje studentů za svobodu a demokracii - 1989',NULL,'Albert, Lipót','Alberta, Leopolda','Leopold von Österreich','Leopold','Leopold','Leopold, Leopolda, Leopoldína'),(321,1116,NULL,NULL,NULL,'Ödön','Gertrudy, Edmunda','Othmar, Edmund','Agnesa','Otmar, Maulena','Agnesa, Otmar, Agneša, Inéza'),(322,1117,'Deň boja za slobodu a demokraciu',NULL,NULL,'Hortenzia, Gergő','Grzegorza, Salomei','Gertrud, Hilda','Klaudia','Mahulena','Klaudia, Klodeta'),(323,1118,NULL,NULL,NULL,'Jenő','Romana, Klaudyny','Odo, Roman','Eugen','Romana','Eugen, Platón'),(324,1119,NULL,NULL,NULL,'Erzsébet','Elzbiety, Seweryna','Elisabeth von Th.','Alžbeta','Alžběta','Alžbeta, Betina, Elizabeta, Lila, Liliana, Líza, Lili, Lilly'),(325,1120,NULL,NULL,NULL,'Jolán','Anatola, Sedzimira','Edmund K.','Félix','Nikol, Nikola','Félix, Filemon, Homér'),(326,1121,NULL,NULL,NULL,'Olivér','Janusza, Konrada','Gelasius I.','Elvíra','Albert','Elvíra, Ctirad, Ctirada'),(327,1122,NULL,NULL,NULL,'Cecilia','Marka, Cecylii','Cäcilia','Cecília','Cecílie','Cecília, Cecilián, Šejla'),(328,1123,NULL,NULL,NULL,'Kelemen, Klementina','Adeli, Klemensa','Klemens I., Felicitas','Klement','Klement','Klement, Klementín, Kliment, Kolumbín, Klementína, Kolumbína'),(329,1124,NULL,NULL,NULL,'Emma','Flory, Emmy','Chrysogonus, Flora','Emília','Emílie','Emília, Milín, Milina'),(330,1125,NULL,NULL,NULL,'Katalin','Katarzyny, Erazma','Katharina v. A.','Katarína','Kateřina','Katarína, Katrina'),(331,1126,NULL,NULL,NULL,'Virág','Delfiny, Sylwestra','Konrad','Kornel','Artur','Kornel, Valerián'),(332,1127,NULL,NULL,NULL,'Virgil','Waleriana, Wilgiusza','Oda, Modestus','Milan','Xenie','Milan, Nestor, Virgil, Milana'),(333,1128,NULL,NULL,NULL,'Stefánia','Leslawa, Zdzislawa','Gunther, Stephan d. J.','Henrieta','René','Henrieta, Gerhard, Tristan, Desdemona, Eta'),(334,1129,NULL,NULL,NULL,'Taksony','Blazeja, Saturnina','Friedrich v. R.','Vratko','Zina','Vratko, Saturnín, Zaida'),(335,1130,NULL,NULL,NULL,'András, Andor','Maury, Andrzeja','Andreas','Ondrej, Andrej','Ondřej','Andrej, Ondrej, Andreas'),(336,1201,NULL,NULL,NULL,'Elza','Natalii, Eligiusza','Blanka, Natalie','Edmund','Iva','Edmund, Edmunda'),(337,1202,NULL,NULL,NULL,'Melinda, Vivien','Balbiny, Bibianny','Bibiana','Bibiána','Blanka','Bibiána, Budimír, Budislav, Budimíra, Viviána, Vivien'),(338,1203,NULL,NULL,NULL,'Ferenc, Olivia','Franciszka, Ksawerego','Franz, Xaver','Oldrich','Svatoslav','Oldrich, Sofron, Xavér, Sofrónia, Xavéria'),(339,1204,NULL,NULL,NULL,'Borbála, Barbara','Barbary, Krystiana','Barbara','Barbora, Barbara','Barbora','Barbora, Babeta, Barbara, Barica'),(340,1205,NULL,NULL,NULL,'Vilma','Saby, Kryspina','Gerald','Oto','Jitka','Oto, Gerald, Otakar, Otokar, Geralda, Geraldína, Jitka, Ota, Sáva'),(341,1206,NULL,NULL,NULL,'Miklós','Mikolaja, Jaremy','Nikolaus v. M.','Mikuláš','Mikuláš','Mikuláš, Nikita, Niko, Nikolas, Mikuláška, Nikoleta'),(342,1207,NULL,NULL,NULL,'Ambrus','Marcina, Ambrozy','Ambrosius','Ambróz','Benjamín','Ambróz, Amarant, Amaranta, Ambrózia'),(343,1208,NULL,NULL,NULL,'Mária','Marii, Swiatozara','Mariä Empfängnis','Marína','Květoslava','Marína'),(344,1209,NULL,NULL,NULL,'Natália','Wieslawa, Leokadii','Valerie','Izabela','Vratislav','Izabela, Dalila, Leokádia'),(345,1210,NULL,NULL,NULL,'Judit','Julii, Danieli','Diethard','Radúz','Julie','Radúz, Herbert'),(346,1211,NULL,NULL,NULL,'Árpád','Damazego, Waldemara','David, Daniel','Hilda','Dana','Hilda, Hildegard, Hildegarda'),(347,1212,NULL,NULL,NULL,'Gabriella','Dagmary, Aleksandry','Johanna F. v. Ch.','Otília','Simona','Otília, Spiridon, Dília, Odeta'),(348,1213,NULL,NULL,NULL,'Luca, Otilia','Lucji, Otylii','Lucia, Ottilie','Lucia','Lucie','Lucia, Rosan, Rosana, Roxana'),(349,1214,NULL,NULL,NULL,'Szilárda','Alfreda, Izydora','Franziska','Branislava, Bronislava','Lýdie','Branislava, Bronislava, Broňa'),(350,1215,NULL,NULL,NULL,'Valér','Niny, Celiny','Christiana, Nina','Ivica','Radana','Ivica, Detrich, Radan, Radana'),(351,1216,NULL,NULL,NULL,'Etelka, Aletta','Albiny, Zdzislawy','Adelheid','Albína','Albína','Albína, Bela, Teofánia'),(352,1217,NULL,NULL,NULL,'Lázár, Olimpia','Olimpii, Lazarza','Lazarus, Jolanda','Kornélia','Daniel','Kornélia, Lazár, Kora, Korina'),(353,1218,NULL,NULL,NULL,'Auguszta','Gracjana, Boguslawa','Gatian','Sláva','Miloslav','Sláva, Slávka, Gracián, Grácia, Graciána, Slavislava'),(354,1219,NULL,NULL,NULL,'Viola','Gabrieli, Dariusza','Urban V.','Judita','Ester','Judita, Abrahám, Mstislav, Neméz, Ita, Mstislava, Neméza'),(355,1220,NULL,NULL,NULL,'Teofil','Bogumily, Dominika','Eugen v. A.','Dagmara','Dagmar','Dagmara, Dagmar, Dag, Dagobert, Daga, Damara'),(356,1221,NULL,NULL,NULL,'Tamás','Tomasza, Tomislawa','Ingomar','Bohdan','Natálie','Bohdan'),(357,1222,NULL,NULL,NULL,'Zénó','Zenona, Honoraty','Jutta, Marian','Adela','Šimon','Adela, Ada, Adelaida, Adelgunda, Adelína, Adina, Alida'),(358,1223,NULL,NULL,NULL,'Viktória','Wiktorii, Slawomiry','Victoria','Nadežda','Vlasta','Nadežda, Naďa'),(359,1224,'Štedrý deň','Štědrý den',NULL,'Ádám, Éva','Adama, Ewy','Heiliger Abend','Adam, Eva','Adam, Eva','Adam, Eva, Evamária, Evelína, Gaja, Gajana, Geja'),(360,1225,'Prvý sviatok vianočný','Svátek vánoční 1',NULL,'Eugénia','Anastazji, Eualii','Christtag',NULL,NULL,'-'),(361,1226,'Druhý sviatok vianočný','Svátek vánoční 2',NULL,'István','Jana, Zanety','Stefanitag','Štefan','Štěpán','Štefan'),(362,1227,NULL,NULL,NULL,'János','Teofili, Godzislawa','Johannes','Filoména','Žaneta','Filoména, Filomén'),(363,1228,NULL,NULL,NULL,'Kamilla','Jana, Maksyma','Unschuldige, Kinder','Ivana, Ivona','Bohumila','Ivana, Ivona, Iva'),(364,1229,NULL,NULL,NULL,'Tamás, Tamara','Dawida, Tomasza','Thomas B., Tamara','Milada','Judita','Milada, Jonatán, Miladín, Nátan, Natanel'),(365,1230,NULL,NULL,'Deň vyhlásenia Slovenska za samostatnú cirkevnú provinciu','Dávid','Irminy, Eugeniusza','Hermine','Dávid','David','Dávid, Lotar'),(366,1231,NULL,NULL,NULL,'Szilveszter','Melanii, Sylwestra','Silvester','Silvester','Silvestr','Silvester, Horst');

/*Table structure for table `migrations` */

DROP TABLE IF EXISTS `migrations`;

CREATE TABLE `migrations` (
  `id` int(10) unsigned NOT NULL AUTO_INCREMENT,
  `migration` varchar(191) COLLATE utf8mb4_unicode_ci NOT NULL,
  `batch` int(11) NOT NULL,
  PRIMARY KEY (`id`)
) ENGINE=InnoDB AUTO_INCREMENT=11 DEFAULT CHARSET=utf8mb4 COLLATE=utf8mb4_unicode_ci;

/*Data for the table `migrations` */

insert  into `migrations`(`id`,`migration`,`batch`) values (1,'2014_10_12_000000_create_users_table',1),(2,'2014_10_12_100000_create_password_resets_table',1),(3,'2019_05_07_122713_create_permission_tables',2),(4,'2016_08_07_152421_add_role_users',3),(5,'2016_08_07_152421_table_menus',3),(6,'2016_08_07_152421_table_modules',3),(7,'2016_08_07_152421_table_role_privileges',3),(8,'2016_08_07_152421_table_roles',3),(9,'2019_05_10_131548_create_agent_table',4),(10,'2019_05_10_131602_create_agent_roles_table',4);

/*Table structure for table `permissions` */

DROP TABLE IF EXISTS `permissions`;

CREATE TABLE `permissions` (
  `id` int(10) unsigned NOT NULL AUTO_INCREMENT,
  `name` varchar(191) COLLATE utf8mb4_unicode_ci NOT NULL,
  `guard_name` varchar(191) COLLATE utf8mb4_unicode_ci NOT NULL,
  `created_at` timestamp NULL DEFAULT NULL,
  `updated_at` timestamp NULL DEFAULT NULL,
  PRIMARY KEY (`id`)
) ENGINE=InnoDB AUTO_INCREMENT=9 DEFAULT CHARSET=utf8mb4 COLLATE=utf8mb4_unicode_ci;

/*Data for the table `permissions` */

insert  into `permissions`(`id`,`name`,`guard_name`,`created_at`,`updated_at`) values (1,'role-list','web','2019-05-07 17:34:02','2019-05-07 17:34:02'),(2,'role-create','web','2019-05-07 17:34:02','2019-05-07 17:34:02'),(3,'role-edit','web','2019-05-07 17:34:02','2019-05-07 17:34:02'),(4,'role-delete','web','2019-05-07 17:34:02','2019-05-07 17:34:02'),(5,'product-list','web','2019-05-07 17:34:02','2019-05-07 17:34:02'),(6,'product-create','web','2019-05-07 17:34:02','2019-05-07 17:34:02'),(7,'product-edit','web','2019-05-07 17:34:02','2019-05-07 17:34:02'),(8,'product-delete','web','2019-05-07 17:34:02','2019-05-07 17:34:02');

/*Table structure for table `products` */

/*Table structure for table `roles` */

DROP TABLE IF EXISTS `roles`;

CREATE TABLE `roles` (
  `id` int(10) unsigned NOT NULL AUTO_INCREMENT,
  `name` varchar(191) COLLATE utf8mb4_unicode_ci NOT NULL,
  `guard_name` varchar(191) COLLATE utf8mb4_unicode_ci NOT NULL,
  `created_at` timestamp NULL DEFAULT NULL,
  `updated_at` timestamp NULL DEFAULT NULL,
  PRIMARY KEY (`id`)
) ENGINE=InnoDB AUTO_INCREMENT=3 DEFAULT CHARSET=utf8mb4 COLLATE=utf8mb4_unicode_ci;

/*Data for the table `roles` */

insert  into `roles`(`id`,`name`,`guard_name`,`created_at`,`updated_at`) values (1,'Admin','web','2019-05-08 21:43:32','2019-05-08 21:43:32'),(2,'User','web','2019-05-08 22:28:47','2019-05-08 22:28:47');


/*Table structure for table `model_has_permissions` */

DROP TABLE IF EXISTS `model_has_permissions`;

CREATE TABLE `model_has_permissions` (
  `permission_id` int(10) unsigned NOT NULL,
  `model_type` varchar(191) COLLATE utf8mb4_unicode_ci NOT NULL,
  `model_id` bigint(20) unsigned NOT NULL,
  PRIMARY KEY (`permission_id`,`model_id`,`model_type`),
  KEY `model_has_permissions_model_id_model_type_index` (`model_id`,`model_type`),
  CONSTRAINT `model_has_permissions_permission_id_foreign` FOREIGN KEY (`permission_id`) REFERENCES `permissions` (`id`) ON DELETE CASCADE
) ENGINE=InnoDB DEFAULT CHARSET=utf8mb4 COLLATE=utf8mb4_unicode_ci;

/*Data for the table `model_has_permissions` */

insert  into `model_has_permissions`(`permission_id`,`model_type`,`model_id`) values (1,'App\\User',1),(2,'App\\User',1),(3,'App\\User',1),(4,'App\\User',1);

/*Table structure for table `model_has_roles` */

DROP TABLE IF EXISTS `model_has_roles`;

CREATE TABLE `model_has_roles` (
  `role_id` int(10) unsigned NOT NULL,
  `model_type` varchar(191) COLLATE utf8mb4_unicode_ci NOT NULL,
  `model_id` bigint(20) unsigned NOT NULL,
  PRIMARY KEY (`role_id`,`model_id`,`model_type`),
  KEY `model_has_roles_model_id_model_type_index` (`model_id`,`model_type`),
  CONSTRAINT `model_has_roles_role_id_foreign` FOREIGN KEY (`role_id`) REFERENCES `roles` (`id`) ON DELETE CASCADE
) ENGINE=InnoDB DEFAULT CHARSET=utf8mb4 COLLATE=utf8mb4_unicode_ci;

/*Data for the table `model_has_roles` */

insert  into `model_has_roles`(`role_id`,`model_type`,`model_id`) values (1,'App\\User',1),(1,'App\\User',5),(1,'App\\User',7),(2,'App\\User',7);

/*Table structure for table `password_resets` */

DROP TABLE IF EXISTS `password_resets`;

CREATE TABLE `password_resets` (
  `email` varchar(191) COLLATE utf8mb4_unicode_ci NOT NULL,
  `token` varchar(191) COLLATE utf8mb4_unicode_ci NOT NULL,
  `created_at` timestamp NULL DEFAULT NULL,
  KEY `password_resets_email_index` (`email`)
) ENGINE=InnoDB DEFAULT CHARSET=utf8mb4 COLLATE=utf8mb4_unicode_ci;

/*Data for the table `password_resets` */

DROP TABLE IF EXISTS `products`;

CREATE TABLE `products` (
  `id` int(10) unsigned NOT NULL AUTO_INCREMENT,
  `name` varchar(255) COLLATE utf8mb4_unicode_ci NOT NULL,
  `detail` varchar(255) COLLATE utf8mb4_unicode_ci NOT NULL,
  `created_at` timestamp NULL DEFAULT NULL,
  `updated_at` timestamp NULL DEFAULT NULL,
  PRIMARY KEY (`id`)
) ENGINE=InnoDB AUTO_INCREMENT=3 DEFAULT CHARSET=utf8mb4 COLLATE=utf8mb4_unicode_ci;

/*Data for the table `products` */

insert  into `products`(`id`,`name`,`detail`,`created_at`,`updated_at`) values (2,'First item','Lorem ipsum dolor bla bla bla....','2019-05-08 22:22:12','2019-05-08 22:22:12');

/*Table structure for table `role_has_permissions` */

DROP TABLE IF EXISTS `role_has_permissions`;

CREATE TABLE `role_has_permissions` (
  `permission_id` int(10) unsigned NOT NULL,
  `role_id` int(10) unsigned NOT NULL,
  PRIMARY KEY (`permission_id`,`role_id`),
  KEY `role_has_permissions_role_id_foreign` (`role_id`),
  CONSTRAINT `role_has_permissions_permission_id_foreign` FOREIGN KEY (`permission_id`) REFERENCES `permissions` (`id`) ON DELETE CASCADE,
  CONSTRAINT `role_has_permissions_role_id_foreign` FOREIGN KEY (`role_id`) REFERENCES `roles` (`id`) ON DELETE CASCADE
) ENGINE=InnoDB DEFAULT CHARSET=utf8mb4 COLLATE=utf8mb4_unicode_ci;

/*Data for the table `role_has_permissions` */

insert  into `role_has_permissions`(`permission_id`,`role_id`) values (1,1),(1,2),(2,1),(2,2),(3,1),(3,2),(4,1),(4,2),(5,1);

/*Table structure for table `stat` */

DROP TABLE IF EXISTS `stat`;

CREATE TABLE `stat` (
  `id` int(11) NOT NULL AUTO_INCREMENT,
  `ip` varchar(15) DEFAULT NULL,
  `lat` decimal(7,5) DEFAULT NULL,
  `lon` decimal(7,5) DEFAULT NULL,
  `timezone` varchar(50) DEFAULT NULL,
  `country` varchar(100) DEFAULT NULL,
  `country_code` varchar(10) DEFAULT NULL,
  `city` varchar(100) DEFAULT NULL,
  `time` datetime DEFAULT NULL,
  `sec_in_day` int(11) DEFAULT NULL,
  `page` varchar(60) NOT NULL,
  PRIMARY KEY (`id`)
) ENGINE=MyISAM AUTO_INCREMENT=548 DEFAULT CHARSET=utf8mb4;

/*Data for the table `stat` */

insert  into `stat`(`id`,`ip`,`lat`,`lon`,`timezone`,`country`,`country_code`,`city`,`time`,`sec_in_day`,`page`) values (547,'147.175.182.103','48.15000','17.10780','Europe/Bratislava','Slovakia','SK','Bratislava','2019-05-16 17:19:36',62376,'index.php'),(546,'188.167.114.117','47.98540','18.16190','Europe/Bratislava','Slovakia','SK','Nové Zámky','2019-05-11 22:51:08',82268,'index.php'),(545,'147.175.122.26','48.15000','17.10780','Europe/Bratislava','Slovakia','SK','Bratislava','2019-05-09 08:14:31',29671,'other.php'),(543,'147.175.122.26','48.15000','17.10780','Europe/Bratislava','Slovakia','SK','Bratislava','2019-05-09 08:13:53',29633,'other.php'),(544,'147.175.122.26','48.15000','17.10780','Europe/Bratislava','Slovakia','SK','Bratislava','2019-05-09 08:14:04',29644,'other.php'),(542,'192.71.249.39','51.21940','4.40246','Europe/Brussels','Belgium','BE','Antwerp','2019-05-09 08:13:34',29614,'other.php'),(541,'192.71.249.39','51.21940','4.40246','Europe/Brussels','Belgium','BE','Antwerp','2019-05-09 08:13:27',29607,'weather.php'),(540,'192.71.249.39','51.21940','4.40246','Europe/Brussels','Belgium','BE','Antwerp','2019-05-09 08:12:27',29547,'index.php');

/*Table structure for table `u1_predmety` */

DROP TABLE IF EXISTS `u1_predmety`;

CREATE TABLE `u1_predmety` (
  `id` int(11) NOT NULL AUTO_INCREMENT,
  `nazov` varchar(150) NOT NULL,
  `skolsky_rok` varchar(10) NOT NULL,
  `semester` tinyint(1) NOT NULL,
  `columns` varchar(500) NOT NULL,
  `nahral` int(11) NOT NULL,
  PRIMARY KEY (`id`)
) ENGINE=InnoDB AUTO_INCREMENT=8 DEFAULT CHARSET=utf8mb4;

/*Data for the table `u1_predmety` */

insert  into `u1_predmety`(`id`,`nazov`,`skolsky_rok`,`semester`,`columns`,`nahral`) values (4,'Operačné systémy','2018/2019',1,'[\"ID\",\"meno\",\"cv1\",\"cv2\",\"cv3\",\"cv4\",\"cv5\",\"cv6\",\"cv7\",\"cv8\",\"cv9\",\"cv10\",\"cv11\",\"Z1\",\"Z2\",\"VT\",\"SK-T\",\"SK-P\",\"Spolu\",\"Zn\\u00e1mka\"]',1),(5,'Webtechy 4','2019/2020',1,'[\"ID\",\"meno\",\"cv1\",\"cv2\",\"cv3\",\"cv4\",\"cv5\",\"cv6\",\"cv7\",\"cv8\",\"cv9\",\"cv10\",\"cv11\",\"Z1\",\"Z2\",\"VT\",\"SK-T\",\"SK-P\",\"Spolu\",\"Zn\\u00e1mka\"]',1),(6,'Linearna algebra','2017/2018',2,'[\"ID\",\"meno\",\"cv1\",\"cv2\",\"cv3\",\"cv4\",\"cv5\",\"cv6\",\"cv7\",\"cv8\",\"cv9\",\"cv10\",\"cv11\",\"Z1\",\"Z2\",\"VT\",\"SK-T\",\"SK-P\",\"Spolu\",\"Zn\\u00e1mka\"]',1),(7,'Matematika 5','2019/2020',2,'[\"ID\",\"meno\",\"cv1\",\"cv2\",\"cv3\",\"cv4\",\"cv5\",\"cv6\",\"cv7\",\"cv8\",\"cv9\",\"cv10\",\"cv11\",\"Z1\",\"Z2\",\"VT\",\"SK-T\",\"SK-P\",\"Spolu\",\"Zn\\u00e1mka\"]',1);

/*Table structure for table `u1_predmety_body` */

DROP TABLE IF EXISTS `u1_predmety_body`;

CREATE TABLE `u1_predmety_body` (
  `id` int(11) NOT NULL AUTO_INCREMENT,
  `predmet_id` int(11) NOT NULL,
  `ais_id` int(11) NOT NULL,
  `student_name` varchar(150) NOT NULL,
  `results` varchar(512) NOT NULL,
  PRIMARY KEY (`id`)
) ENGINE=InnoDB AUTO_INCREMENT=31 DEFAULT CHARSET=utf8mb4;

/*Data for the table `u1_predmety_body` */

insert  into `u1_predmety_body`(`id`,`predmet_id`,`ais_id`,`student_name`,`results`) values (9,4,12345,'Priezvisko1 Meno1','[\"3\",\"2\",\"3\",\"4\",\"3\",\"3\",\"2\",\"2\",\"\",\"2\",\"1.25\",\"6\",\"6\",\"8\",\"14.9\",\"16\",\"73.77\",\"D\"]'),(10,4,24596,'Priezvisko2 Meno2','[\"3\",\"2\",\"4\",\"3\",\"3\",\"2\",\"2\",\"2\",\"3\",\"2\",\"2\",\"10\",\"7\",\"8\",\"20\",\"14\",\"85.05\",\"B\"]'),(11,4,54187,'Priezvisko3 Meno3','[\"3\",\"2\",\"3\",\"4\",\"3\",\"3\",\"2\",\"2\",\"2\",\"2\",\"1.5\",\"10\",\"7\",\"7\",\"14.5\",\"24\",\"88.28\",\"B\"]'),(12,4,23581,'Priezvisko4 Meno4','[\"3\",\"3\",\"3\",\"4\",\"3\",\"3\",\"2\",\"2\",\"3\",\"2\",\"2\",\"9\",\"10\",\"8\",\"20\",\"30\",\"107\",\"A\"]'),(13,4,80046,'Priezvisko5 Meno5','[\"3\",\"2\",\"3\",\"4\",\"3\",\"3\",\"2\",\"2\",\"2\",\"2\",\"1.5\",\"10\",\"7\",\"7\",\"14.5\",\"24\",\"88.28\",\"\"]'),(14,4,73710,'Diosi Richard','[\"3\",\"3\",\"3\",\"4\",\"3\",\"3\",\"2\",\"2\",\"3\",\"2\",\"2\",\"9\",\"10\",\"8\",\"20\",\"30\",\"107\",\"\"]'),(15,5,12345,'Priezvisko1 Meno1','[\"3\",\"2\",\"3\",\"4\",\"3\",\"3\",\"2\",\"2\",\"\",\"2\",\"1.25\",\"6\",\"6\",\"8\",\"14.9\",\"16\",\"73.77\",\"D\"]'),(16,5,24596,'Priezvisko2 Meno2','[\"3\",\"2\",\"4\",\"3\",\"3\",\"2\",\"2\",\"2\",\"3\",\"2\",\"2\",\"10\",\"7\",\"8\",\"20\",\"14\",\"85.05\",\"B\"]'),(17,5,54187,'Priezvisko3 Meno3','[\"3\",\"2\",\"3\",\"4\",\"3\",\"3\",\"2\",\"2\",\"2\",\"2\",\"1.5\",\"10\",\"7\",\"7\",\"14.5\",\"24\",\"88.28\",\"B\"]'),(18,5,23581,'Priezvisko4 Meno4','[\"3\",\"3\",\"3\",\"4\",\"3\",\"3\",\"2\",\"2\",\"3\",\"2\",\"2\",\"9\",\"10\",\"8\",\"20\",\"30\",\"107\",\"A\"]'),(19,6,12345,'Priezvisko1 Meno1','[\"3\",\"2\",\"3\",\"4\",\"3\",\"3\",\"2\",\"2\",\"\",\"2\",\"1.25\",\"6\",\"6\",\"8\",\"14.9\",\"16\",\"73.77\",\"D\"]'),(20,6,24596,'Priezvisko2 Meno2','[\"3\",\"2\",\"4\",\"3\",\"3\",\"2\",\"2\",\"2\",\"3\",\"2\",\"2\",\"10\",\"7\",\"8\",\"20\",\"14\",\"85.05\",\"B\"]'),(21,6,54187,'Priezvisko3 Meno3','[\"3\",\"2\",\"3\",\"4\",\"3\",\"3\",\"2\",\"2\",\"2\",\"2\",\"1.5\",\"10\",\"7\",\"7\",\"14.5\",\"24\",\"88.28\",\"B\"]'),(22,6,23581,'Priezvisko4 Meno4','[\"3\",\"3\",\"3\",\"4\",\"3\",\"3\",\"2\",\"2\",\"3\",\"2\",\"2\",\"9\",\"10\",\"8\",\"20\",\"30\",\"107\",\"A\"]'),(23,6,80046,'Priezvisko5 Meno5','[\"3\",\"2\",\"3\",\"4\",\"3\",\"3\",\"2\",\"2\",\"2\",\"2\",\"1.5\",\"10\",\"7\",\"7\",\"14.5\",\"24\",\"88.28\",\"\"]'),(24,6,73710,'Diosi Richard','[\"3\",\"3\",\"3\",\"4\",\"3\",\"3\",\"2\",\"2\",\"3\",\"2\",\"2\",\"9\",\"10\",\"8\",\"20\",\"30\",\"107\",\"\"]'),(25,7,12345,'Priezvisko1 Meno1','[\"3\",\"2\",\"3\",\"4\",\"3\",\"3\",\"2\",\"2\",\"\",\"2\",\"1.25\",\"6\",\"6\",\"8\",\"14.9\",\"16\",\"73.77\",\"D\"]'),(26,7,24596,'Priezvisko2 Meno2','[\"3\",\"2\",\"4\",\"3\",\"3\",\"2\",\"2\",\"2\",\"3\",\"2\",\"2\",\"10\",\"7\",\"8\",\"20\",\"14\",\"85.05\",\"B\"]'),(27,7,54187,'Priezvisko3 Meno3','[\"3\",\"2\",\"3\",\"4\",\"3\",\"3\",\"2\",\"2\",\"2\",\"2\",\"1.5\",\"10\",\"7\",\"7\",\"14.5\",\"24\",\"88.28\",\"B\"]'),(28,7,23581,'Priezvisko4 Meno4','[\"3\",\"3\",\"3\",\"4\",\"3\",\"3\",\"2\",\"2\",\"3\",\"2\",\"2\",\"9\",\"10\",\"8\",\"20\",\"30\",\"107\",\"A\"]'),(29,7,80046,'Priezvisko5 Meno5','[\"3\",\"2\",\"3\",\"4\",\"3\",\"3\",\"2\",\"2\",\"2\",\"2\",\"1.5\",\"10\",\"7\",\"7\",\"14.5\",\"24\",\"88.28\",\"A\"]'),(30,7,73710,'Diosi Richard','[\"3\",\"3\",\"3\",\"4\",\"3\",\"3\",\"2\",\"2\",\"3\",\"2\",\"2\",\"9\",\"10\",\"8\",\"20\",\"30\",\"107\",\"A\"]');

/*Table structure for table `users` */

DROP TABLE IF EXISTS `users`;

CREATE TABLE `users` (
  `id` bigint(20) unsigned NOT NULL AUTO_INCREMENT,
  `name` varchar(191) COLLATE utf8mb4_unicode_ci NOT NULL,
  `ais_id` int(11) DEFAULT NULL,
  `email` varchar(191) COLLATE utf8mb4_unicode_ci NOT NULL,
  `email_verified_at` timestamp NULL DEFAULT NULL,
  `password` varchar(191) COLLATE utf8mb4_unicode_ci NOT NULL,
  `remember_token` varchar(100) COLLATE utf8mb4_unicode_ci DEFAULT NULL,
  `created_at` timestamp NULL DEFAULT NULL,
  `updated_at` timestamp NULL DEFAULT NULL,
  `photo` varchar(191) COLLATE utf8mb4_unicode_ci DEFAULT NULL,
  PRIMARY KEY (`id`),
  UNIQUE KEY `users_email_unique` (`email`)
) ENGINE=InnoDB AUTO_INCREMENT=10 DEFAULT CHARSET=utf8mb4 COLLATE=utf8mb4_unicode_ci;

/*Data for the table `users` */

insert  into `users`(`id`,`name`,`ais_id`,`email`,`email_verified_at`,`password`,`remember_token`,`created_at`,`updated_at`,`photo`) values (1,'Main admin',1,'admin@admin.com',NULL,'$2y$10$08J.ubQFsJWhZwb9C7waHO54W5zngqgpLC/JanlZ7aoqyrXzJIuI6','mqeXjOn7w9CnPvqVtXjjf1UMRcm73yLxwcB5SiJzjz3mKOGi1UCfLih1oyDS','2019-04-28 12:58:56','2019-04-28 12:58:56',NULL),(7,'Balazs Nagy',80046,'xnagyb2',NULL,'$2y$10$FvHeU3M1l3zw5qkjhu2icO.KCIH2bT.NEOwghM5pn7RLBBCj7Ht0C',NULL,'2019-05-18 13:53:45','2019-05-19 09:32:14',NULL),(9,'Richard Diosi',73710,'xdiosi',NULL,'$2y$10$MWspfDy4bC76a.H3Xr7nJ.eOPEGNf0dqK371aPqBE8MYc6SwW6GbS',NULL,'2019-05-19 12:47:19','2019-05-19 12:47:19',NULL);

/*!40101 SET SQL_MODE=@OLD_SQL_MODE */;
/*!40014 SET FOREIGN_KEY_CHECKS=@OLD_FOREIGN_KEY_CHECKS */;
/*!40014 SET UNIQUE_CHECKS=@OLD_UNIQUE_CHECKS */;
/*!40111 SET SQL_NOTES=@OLD_SQL_NOTES */;
